{
  "train_mae": 19.611656330242933,
  "test_mae": 28.091403053976382,
  "train_r2": 0.1499775327666535,
  "test_r2": -0.25512075471538886,
  "cv_mae": 22.39272812019045
}