{
  "train_mae": 8.602539272473324,
  "test_mae": 26.9719294567278,
  "train_r2": 0.8107663460550191,
  "test_r2": -0.19230979582735763,
  "cv_mae": 22.479308713982377
}