{
  "train_mae": 97.4729342516162,
  "test_mae": 117.03808742578084,
  "train_r2": -16.689677932317743,
  "test_r2": -17.331547563988345,
  "cv_mae": 102.1751322880211
}