{
  "train_mae": 12.523028154642269,
  "test_mae": 27.61950189905187,
  "train_r2": 0.6340996653265218,
  "test_r2": -0.1908381371697394,
  "cv_mae": 21.913986558227162
}